id|source|sourceid|composerkey|title|genre|form|sourcetitle|performer
 10152 | 78rpm  | Partita3_prelude                                        | BACHJOHANNSEBASTIAN  | Partita No. 3 Prelude                                                  | classical | partita         | Partita #3_Prelude                                                     | 
  3668 | 78rpm  | Bach-stokowskiChaconne                                  | BACHJOHANNSEBASTIAN  | Chaconne                                                               | classical | chaconne        | BACH-STOKOWSKI: Chaconne                                               | 
  2124 | 78rpm  | VrsAcoustics-88575-LouiseHomer                          | BACHJOHANNSEBASTIAN  | My Heart Ever Faithful                                                 | classical | hymn            | VRS Acoustics - 88575 - Louise Homer                                   | 
  8643 | 78rpm  | J.S.BachBrandenburgConcertoNo.5                         | BACHJOHANNSEBASTIAN  | Brandenburg Concerto No. 5                                             | classical | concerto        | J. S. BACH: Brandenburg Concerto No. 5                                 | 
  8640 | 78rpm  | J.S.BachBrandenburgConcertoNo2                          | BACHJOHANNSEBASTIAN  | Brandenburg Concerto No. 2                                             | classical | concerto        | J. S. BACH: Brandenburg Concerto No 2                                  | 
  8639 | 78rpm  | J.S.BachBrandenburgConcertoNo.1                         | BACHJOHANNSEBASTIAN  | Brandenburg Concerto No. 1                                             | classical | concerto        | J. S. BACH: Brandenburg Concerto No. 1                                 | 
  8644 | 78rpm  | J.S.BachBrandenburgConcertoNo.6                         | BACHJOHANNSEBASTIAN  | Brandenburg Concerto No. 6                                             | classical | concerto        | J. S. BACH: Brandenburg Concerto No. 6                                 | 
  8641 | 78rpm  | J.S.BachBrandenburgConcertoNo.3                         | BACHJOHANNSEBASTIAN  | Brandenburg Concerto No. 3                                             | classical | concerto        | J. S. BACH: Brandenburg Concerto No. 3                                 | 
  3695 | 78rpm  | BarberSymphonyNo.1                                      | BARBER               | Symphony No. 1                                                         | classical | symphony        | BARBER: Symphony No. 1                                                 | 
  3712 | 78rpm  | BartokMusicForStringInstrumentsPercussionAndCelesta     | BARTOK               | Music for String Instruments, Percussion and Celesta                   | classical | chamber         | BARTOK: Music for String Instruments, Percussion and Celesta           | 
  3713 | 78rpm  | BartokViolinConcertoNo.2                                | BARTOK               | Violin Concerto No. 2                                                  | classical | concerto        | BARTOK: Violin Concerto No. 2                                          | 
  3778 | 78rpm  | BeethovenSymphonyNo.3walter                             | BEETHOVEN            | Symphony No. 3                                                         | classical | 30              | BEETHOVEN: Symphony No. 3                                              | 
  3779 | 78rpm  | BeethovenSymphonyNo.4                                   | BEETHOVEN            | Symphony No. 4                                                         | classical | symphony        | BEETHOVEN: Symphony No. 4                                              | 
  3780 | 78rpm  | BeethovenSymphonyNo.5_331                               | BEETHOVEN            | Symphony No. 5                                                         | classical | symphony        | BEETHOVEN: Symphony No. 5                                              | 
   351 | 78rpm  | BeethovenSymphonyNo.5                                   | BEETHOVEN            | Symphony No. 5                                                         | classical | symphony        | Beethoven Symphony No. 5                                               | 
   121 | 78rpm  | BeethovenSymphonyNo.8                                   | BEETHOVEN            | Symphony No. 8                                                         | classical | symphony        | Beethoven: Symphony No. 8                                              | 
  3781 | 78rpm  | BeethovenSymphonyNo.9choral                             | BEETHOVEN            | Symphony No. 9                                                         | classical | symphony        | BEETHOVEN: Symphony No. 9 ('Choral')                                   | 
  3770 | 78rpm  | BeethovenPianoSonataNo.6                                | BEETHOVEN            | Piano Sonata No. 6                                                     | classical | solo instrument | Beethoven Piano Sonata No. 6                                           | 
  3760 | 78rpm  | BeethovenPianoSonataNo.26                               | BEETHOVEN            | Piano Sonata No. 26                                                    | classical | solo instrument | Beethoven: Piano Sonata No. 26                                         | 
  3772 | 78rpm  | BeethovenPianoSonataNo.8                                | BEETHOVEN            | Piano Sonata No. 8                                                     | classical | solo instrument | Beethoven Piano Sonata No.8                                            | 
  2143 | 78rpm  | VrsAcoustics-88656-FeodorChaliapin                      | GLINKAMIKHAIL        | ?                                                                      | classical | 30              | VRS Acoustics - 88656 - Feodor Chaliapin                               | 
  2088 | 78rpm  | VrsAcoustics-88375-AlmaGluckLouiseHomer                 | GLUCKCHRISTOPHWRVON  | ?                                                                      | classical | 30              | VRS Acoustics - 88375 - Alma Gluck & Louise Homer                      | Alma Gluck and Louise Homer
  3773 | 78rpm  | BeethovenPianoSonataNo.9                                | BEETHOVEN            | Piano Sonata No. 9                                                     | classical | solo instrument | Beethoven: Piano Sonata No. 9                                          | 
  3762 | 78rpm  | BeethovenPianoSonataNo.28                               | BEETHOVEN            | Piano Sonata No. 28                                                    | classical | solo instrument | Beethoven: Piano Sonata No. 28                                         | 
    56 | 78rpm  | BeethovenPianoSonataNo.2                                | BEETHOVEN            | Piano Sonata No. 2                                                     | classical | solo instrument | Beethoven Piano Sonata No. 2                                           | 
  3769 | 78rpm  | BeethovenPianoSonataNo.5                                | BEETHOVEN            | Piano Sonata No. 5                                                     | classical | solo instrument | Beethoven Piano Sonata No. 5                                           | 
  3747 | 78rpm  | BeethovenPianoSonata17                                  | BEETHOVEN            | Piano Sonata No. 17                                                    | classical | solo instrument | Beethoven: Piano Sonata # 17                                           | 
   109 | 78rpm  | BeethovenPianoSonataNo.1                                | BEETHOVEN            | Piano Sonata No. 1                                                     | classical | solo instrument | Beethoven Piano Sonata No.1                                            | 
   111 | 78rpm  | BeethovenPianoSonata15                                  | BEETHOVEN            | Piano Sonata No. 15                                                    | classical | solo instrument | Beethoven: Piano Sonata # 15                                           | 
   120 | 78rpm  | BeethovenPianoSonata13                                  | BEETHOVEN            | Piano Sonata No. 13                                                    | classical | solo instrument | Beethoven: Piano Sonata # 13                                           | 
   350 | 78rpm  | BeethovenPianoSonata16                                  | BEETHOVEN            | Piano Sonata No. 16                                                    | classical | solo instrument | Beethoven: Piano Sonata # 16                                           | 
  3782 | 78rpm  | BeethovenViolinConcertoheifetz                          | BEETHOVEN            | Violin Concerto                                                        | classical | concerto        | BEETHOVEN: Violin Concerto                                             | 
  3783 | 78rpm  | BeethovenViolinConcertokreisler                         | BEETHOVEN            | Violin Concerto                                                        | classical | concerto        | BEETHOVEN: Violin Concerto                                             | 
  3757 | 78rpm  | BeethovenPianoSonataNo.23                               | BEETHOVEN            | Piano Sonata No. 23                                                    | classical | 30              | Beethoven: Piano Sonata No. 23                                         | 
  3759 | 78rpm  | BeethovenPianoSonataNo.25                               | BEETHOVEN            | Piano Sonata No. 25                                                    | classical | 30              | Beethoven: Piano Sonata No. 25                                         | 
  3758 | 78rpm  | BeethovenPianoSonataNo.24                               | BEETHOVEN            | Piano Sonata No. 24                                                    | classical | 30              | Beethoven: Piano Sonata No. 24                                         | 
  3753 | 78rpm  | BeethovenPianoSonataNo.18                               | BEETHOVEN            | Piano Sonata No. 18                                                    | classical | 30              | Beethoven: Piano Sonata No. 18                                         | 
  3755 | 78rpm  | BeethovenPianoSonataNo.20                               | BEETHOVEN            | Piano Sonata No. 20                                                    | classical | 30              | Beethoven: Piano Sonata No. 20                                         | 
  3756 | 78rpm  | BeethovenPianoSonataNo.21Waldstein                      | BEETHOVEN            | Piano Sonata No. 21 Waldstein                                          | classical | 30              | Beethoven: Piano Sonata No. 21 Waldstein                               | 
  3745 | 78rpm  | BeethovenEgmontOverturemengelberg                       | BEETHOVEN            | Egmont Overture                                                        | classical | 30              | BEETHOVEN: Egmont Overture                                             | 
  3771 | 78rpm  | BeethovenPianoSonataNo.7                                | BEETHOVEN            | Piano Sonata No. 7                                                     | classical | 30              | Beethoven Piano Sonata No. 7                                           | 
  5999 | 78rpm  | EDIS-SRP-0192-03                                        | BEETHOVEN            | Menuett G flat major & Valse bluette                                   | classical | 30              | Menuett G flat major & Valse bluette                                   | 
  3763 | 78rpm  | BeethovenPianoSonataNo.29                               | BEETHOVEN            | Piano Sonata No. 29                                                    | classical | 30              | Beethoven: Piano Sonata No. 29                                         | 
  3764 | 78rpm  | BeethovenPianoSonataNo.3                                | BEETHOVEN            | Piano Sonata No. 3                                                     | classical | 30              | Beethoven Piano Sonata No.3                                            | 
  3765 | 78rpm  | BeethovenPianoSonataNo.30                               | BEETHOVEN            | Piano Sonata No. 30                                                    | classical | 30              | Beethoven: Piano Sonata No. 30                                         | 
  3766 | 78rpm  | BeethovenPianoSonataNo.31                               | BEETHOVEN            | Piano Sonata No. 31                                                    | classical | 30              | Beethoven: Piano Sonata No. 31                                         | 
  3767 | 78rpm  | BeethovenPianoSonataNo.32                               | BEETHOVEN            | Piano Sonata No. 32                                                    | classical | 30              | Beethoven: Piano Sonata No. 32                                         | 
  3768 | 78rpm  | BeethovenPianoSonataNo.4                                | BEETHOVEN            | Piano Sonata No. 4                                                     | classical | 30              | Beethoven Piano Sonata No.4                                            | 
  3754 | 78rpm  | BeethovenPianoSonataNo.19                               | BEETHOVEN            | Piano Sonata No. 19                                                    | classical | 30              | Beethoven: Piano Sonata No. 19                                         | 
  3746 | 78rpm  | BeethovenPianoConcerto5Emperor                          | BEETHOVEN            | Piano Concerto No. 5 Emperor                                           | classical | 30              | Beethoven: Piano Concerto #5 Emperor                                   | 
  3761 | 78rpm  | BeethovenPianoSonataNo.27                               | BEETHOVEN            | Piano Sonata No. 27                                                    | classical | 30              | Beethoven: Piano Sonata No. 27                                         | 
  3748 | 78rpm  | BeethovenPianoSonata22                                  | BEETHOVEN            | Piano Sonata No. 22                                                    | classical | 30              | Beethoven: Piano Sonata #22                                            | 
  3749 | 78rpm  | BeethovenPianoSonataNo.10                               | BEETHOVEN            | Piano Sonata No. 10                                                    | classical | 30              | Beethoven: Piano Sonata No. 10                                         | 
  3750 | 78rpm  | BeethovenPianoSonataNo.11                               | BEETHOVEN            | Piano Sonata No. 11                                                    | classical | 30              | Beethoven: Piano Sonata No. 11                                         | 
  3751 | 78rpm  | BeethovenPianoSonataNo.12                               | BEETHOVEN            | Piano Sonata No. 12                                                    | classical | 30              | Beethoven Piano Sonata No. 12                                          | 
  3752 | 78rpm  | BeethovenPianoSonataNo.14moonlight                      | BEETHOVEN            | Piano Sonata No. 14,                                                   | classical | 30              | Beethoven: Piano Sonata No. 14,                                        | 
  9581 | 78rpm  | MiParDudirAncora                                        | BIZET                | Mi Par D'udir Ancora                                                   | classical | 30              | Mi Par D'udir Ancora                                                   | 
  7847 | 78rpm  | Il_fior_che_avevi_a_me_dato                             | BIZET                | Il fior che avevi a me dato                                            | classical | 30              | Il_fior_che_avevi_a_me_dato                                            | 
  8278 | 78rpm  | Je_Crois_Entendre_Encore                                | BIZET                | Je Crois Entendre Encore                                               | classical | 30              | Je_Crois_Entendre_Encore                                               | 
  8796 | 78rpm  | La_Fleur_Que_Tu_MAvais_Jetee                            | BIZET                | La Fleur Que Tu M'Avais Jetee                                          | classical | 30              | La_Fleur_Que_Tu_M'Avais_Jetee                                          | 
  1996 | 78rpm  | VrsAcoustics-74792-FlonzaleyQuartet                     | BEETHOVEN            | ?                                                                      | classical | 30              | VRS Acoustics - 74792 - Flonzaley Quartet                              | 
  2144 | 78rpm  | VrsAcoustics-88657-FeodorChaliapin                      | BEETHOVEN            | ?                                                                      | classical | 30              | VRS Acoustics - 88657 - Feodor Chaliapin                               | 
  1969 | 78rpm  | VrsAcoustics-74661-PhiladelphiaSymphonyOrchestra        | BEETHOVEN            | ?                                                                      | classical | 30              | VRS Acoustics - 74661 - Philadelphia Symphony Orchestra                | 
  1979 | 78rpm  | VrsAcoustics-74710-FlonzaleyQuartet                     | BEETHOVEN            | ?                                                                      | classical | 30              | VRS Acoustics - 74710 - Flonzaley Quartet                              | 
  1990 | 78rpm  | VrsAcoustics-74754-FlonzaleyQuartet                     | BEETHOVEN            | ?                                                                      | classical | 30              | VRS Acoustics - 74754 - Flonzaley Quartet                              | 
  4569 | 78rpm  | BrahmsChoralePreludeNo.8                                | BRAHMSJOHANNES       | Chorale Prelude No. 8                                                  | classical | 30              | BRAHMS: Chorale Prelude No. 8                                          | 
  4573 | 78rpm  | BrahmsSymphonyNo.3                                      | BRAHMSJOHANNES       | Symphony No. 3                                                         | classical | 30              | BRAHMS: Symphony No. 3                                                 | 
  2551 | 78rpm  | YsayePlaysBrahms                                        | BRAHMSJOHANNES       | Ysaye plays Brahms                                                     | classical | 30              | Ysaye plays Brahms                                                     | 
  1984 | 78rpm  | VrsAcoustics-74722-PhiladelphiaSymphonyOrchestra        | BRAHMSJOHANNES       | ?                                                                      | classical | 30              | VRS Acoustics - 74722 - Philadelphia Symphony Orchestra                | 
  4571 | 78rpm  | BrahmsSchicksalslied                                    | BRAHMSJOHANNES       | Schicksalslied                                                         | classical | 30              | BRAHMS: Schicksalslied                                                 | 
  1973 | 78rpm  | VrsAcoustics-74685-FlonzaleyQuartet                     | BRAHMSJOHANNES       | ?                                                                      | classical | 30              | VRS Acoustics - 74685 - Flonzaley Quartet                              | 
  4593 | 78rpm  | BrittenTheTurnOfTheScrew                                | BRITTENBENJAMIN      | The Turn of the Screw                                                  | classical | 30              | Britten: The Turn of the Screw                                         | 
  2864 | 78rpm  | ABirdInAGildedCage1900                                  | CAGEJOHN             | A Bird in a Gilded Cage                                                | classical | 30              | A Bird in a Gilded Cage (1900)                                         | 
  1798 | 78rpm  | VrsAcoustics-6448b-IgnaceJanPaderewski                  | CHOPINFRYDERYK       | ?                                                                      | classical | 30              | VRS Acoustics - 6448B - Ignace Jan Paderewski                          | 
  1957 | 78rpm  | VrsAcoustics-74623-AlfredCortot                         | CHOPINFRYDERYK       | ?                                                                      | classical | 30              | VRS Acoustics - 74623 - Alfred Cortot                                  | 
  1797 | 78rpm  | VrsAcoustics-6448a-IgnaceJanPaderewski                  | CHOPINFRYDERYK       | ?                                                                      | classical | 30              | VRS Acoustics - 6448A - Ignace Jan Paderewski                          | 
  5102 | 78rpm  | ChopinWorksForPiano                                     | CHOPINFRYDERYK       | Works for Piano                                                        | classical | 30              | Chopin: Works for Piano                                                | 
  2236 | 78rpm  | WaltzInEMinor                                           | CHOPINFRYDERYK       | Waltz in E Minor                                                       | classical | 30              | Waltz in E Minor                                                       | 
  1933 | 78rpm  | VrsAcoustics-74530-IgnaceJanPaderewski                  | CHOPINFRYDERYK       | ?                                                                      | classical | 30              | VRS Acoustics - 74530 - Ignace Jan Paderewski                          | 
  1971 | 78rpm  | VrsAcoustics-74679-SergeiRachmaninoff                   | CHOPINFRYDERYK       | ?                                                                      | classical | 30              | VRS Acoustics - 74679 - Sergei Rachmaninoff                            | 
  1907 | 78rpm  | VrsAcoustics-74313-VladimirDePachmann                   | CHOPINFRYDERYK       | ?                                                                      | classical | 30              | VRS Acoustics - 74313 - Vladimir de Pachmann                           | 
  2083 | 78rpm  | VrsAcoustics-88322-IgnaceJanPaderewski                  | CHOPINFRYDERYK       | ?                                                                      | classical | 30              | VRS Acoustics - 88322 - Ignace Jan Paderewski                          | 
  1905 | 78rpm  | VrsAcoustics-74304-VladimirDePachmann                   | CHOPINFRYDERYK       | ?                                                                      | classical | 30              | VRS Acoustics - 74304 - Vladimir de Pachmann                           | 
  1846 | 78rpm  | VrsAcoustics-74159-WilhelmBackhaus                      | CHOPINFRYDERYK       | ?                                                                      | classical | 30              | VRS Acoustics - 74159 - Wilhelm Backhaus                               | 
  1828 | 78rpm  | VrsAcoustics-74052-MischaElman                          | CHOPINFRYDERYK       | ?                                                                      | classical | 30              | VRS Acoustics - 74052 - Mischa Elman                                   | 
  1805 | 78rpm  | VrsAcoustics-6480b-VladimirDePachmann                   | CHOPINFRYDERYK       | ?                                                                      | classical | 30              | VRS Acoustics - 6480B - Vladimir de Pachmann                           | 
  5101 | 78rpm  | Chopin_Sonata_2                                         | CHOPINFRYDERYK       | Sonata No. 2                                                           | classical | 30              | Chopin_Sonata_#2                                                       | 
  5099 | 78rpm  | ChopinPianoConcertoNo.2                                 | CHOPINFRYDERYK       | Piano Concerto No. 2                                                   | classical | 30              | CHOPIN: Piano Concerto No. 2                                           | 
  5098 | 78rpm  | ChopinFourteenWaltzes                                   | CHOPINFRYDERYK       | Fourteen Waltzes                                                       | classical | 30              | Chopin: Fourteen Waltzes                                               | 
  5097 | 78rpm  | ChopinEtudes                                            | CHOPINFRYDERYK       | Etudes                                                                 | classical | 30              | CHOPIN: Etudes                                                         | 
  5096 | 78rpm  | ChopinBallades                                          | CHOPINFRYDERYK       | Ballades                                                               | classical | 30              | CHOPIN: Ballades                                                       | 
  6038 | 78rpm  | EDIS-SRP-0197-13                                        | CHOPINFRYDERYK       | Two etudes: Etude nouvelle in A flat & Etude in C major, Op. 10, no. 1 | classical | 30              | Two etudes: Etude nouvelle in A flat & Etude in C major, Op. 10, no. 1 | 
  5412 | 78rpm  | CoplandMusicForTheTheatre                               | COPLANDAARON         | Music for the Theatre                                                  | classical | 30              | COPLAND: Music for the Theatre                                         | 
  5559 | 78rpm  | DebussyQuartetInGMinor                                  | DEBUSSYCLAUDE        | Quartet in G Minor                                                     | classical | 30              | DEBUSSY: Quartet in G Minor                                            | 
  3410 | 78rpm  | ArabesquesNos.12                                        | DEBUSSYCLAUDE        | Arabesques Nos. 1 & 2                                                  | classical | 30              | Arabesques Nos. 1 & 2                                                  | 
  5558 | 78rpm  | DebussyPellasAndMlisande                                | DEBUSSYCLAUDE        | Pelleas and Melisande                                                  | classical | 30              | DEBUSSY: Pell+¬as and M+¬lisande                                       | 
  4867 | 78rpm  | CarusoAngeloCastoEBel                                   | DONIZETTIGAETANO     | Angelo Casto e bel                                                     | classical | 30              | Caruso: Angelo Casto e bel                                             | Caruso
  4868 | 78rpm  | CarusoComeGentil                                        | DONIZETTIGAETANO     | Com'e Gentil                                                           | classical | 30              | Caruso: Com'e Gentil                                                   | Caruso
  1961 | 78rpm  | VrsAcoustics-74631-PhiladelphiaSymphonyOrchestra        | DVORÁKANTONIN        | ?                                                                      | classical | 30              | VRS Acoustics - 74631 - Philadelphia Symphony Orchestra                | 
  5753 | 78rpm  | DvorakSymphonyNo.6                                      | DVORÁKANTONIN        | Symphony No. 6                                                         | classical | 30              | DVORAK: Symphony No. 6                                                 | 
  5752 | 78rpm  | DvorakCelloConcerto                                     | DVORÁKANTONIN        | Cello Concerto                                                         | classical | 30              | DVORAK: Cello Concerto                                                 | 
  6036 | 78rpm  | EDIS-SRP-0197-11                                        | DVORÁKANTONIN        | Slavonic dance No. 1                                                   | classical | 30              | Slavonic dance, no.1                                                   | 
  1847 | 78rpm  | VrsAcoustics-74163-MischaElman                          | DVORÁKANTONIN        | ?                                                                      | classical | 30              | VRS Acoustics - 74163 - Mischa Elman                                   | 
  6928 | 78rpm  | GershwinRhapsodyInBlue1927                              | GERSHWINGEORGE       | Rhapsody in Blue                                                       | classical | 30              | GERSHWIN: Rhapsody in Blue                                             | 
  3314 | 78rpm  | AnAmericanInParis                                       | GERSHWINGEORGE       | An American In Paris                                                   | classical | 30              | An American In Paris                                                   | 
 10610 | 78rpm  | rhapblue11924                                           | GERSHWINGEORGE       | Rhapsody In Blue Part 1                                                | classical | 30              | Rhapsody In Blue Part 1                                                | 
  1918 | 78rpm  | VrsAcoustics-74459-MischaElman                          | GLUCKCHRISTOPHWRVON  | ?                                                                      | classical | 30              | VRS Acoustics - 74459 - Mischa Elman                                   | 
  3221 | 78rpm  | AlmaGluck-Musetta                                       | GLUCKCHRISTOPHWRVON  | Alma Gluck - Musetta                                                   | classical | 30              | Alma Gluck - Musetta                                                   | 
  1255 | 78rpm  | TheLittleOldLogCabinInTheLane                           | GLUCKCHRISTOPHWRVON  | The little old log cabin in the lane                                   | classical | 30              | The little old log cabin in the lane                                   | 
  2125 | 78rpm  | VrsAcoustics-88577-AlmaGluckLouiseHomer                 | GLUCKCHRISTOPHWRVON  | ?                                                                      | classical | 30              | VRS Acoustics - 88577 - Alma Gluck & Louise Homer                      | Alma Gluck and Louise Homer
  7866 | 78rpm  | IlSeFaitTard                                            | GOUNODCHARLES        | Il se fait tard                                                        | classical | 30              | Il se fait tard                                                        | 
  2009 | 78rpm  | VrsAcoustics-85065-PolPlancon                           | GOUNODCHARLES        | ?                                                                      | classical | 30              | VRS Acoustics - 85065 - Pol Plancon                                    | Pol Plancon
  4871 | 78rpm  | CarusoInspirez-moiRaceDivine                            | GOUNODCHARLES        | Inspirez-moi, race divine                                              | classical | 30              | Caruso: Inspirez-moi, race divine                                      | Caruso
  2026 | 78rpm  | VrsAcoustics-88016-EmmaEamesJosefHollman                | GOUNODCHARLES        | ?                                                                      | classical | 30              | VRS Acoustics - 88016 - Emma Eames & Josef Hollman                     | Emma Eames & Josef Hollman
  2159 | 78rpm  | VrsAcoustics-89104-JohnMccormackFritzKreisler           | GOUNODCHARLES        | ?                                                                      | classical | 30              | VRS Acoustics - 89104 - John McCormack & Fritz Kreisler                | John McCormack & Fritz Kreisler
  2054 | 78rpm  | VrsAcoustics-88119-EmmaCalve                            | GOUNODCHARLES        | ?                                                                      | classical | 30              | VRS Acoustics - 88119 - Emma Calve                                     | Emma Calve
  4877 | 78rpm  | CarusoMonCoeurEstPenetreDepouvante                      | GOUNODCHARLES        | Mon coeur est penetre d'epouvante                                      | classical | 30              | Caruso: Mon coeur est penetre d'epouvante                              | Caruso
  2156 | 78rpm  | VrsAcoustics-89073-NellieMelbaJanKubelik                | GOUNODCHARLES        | ?                                                                      | classical | 30              | VRS Acoustics - 89073 - Nellie Melba & Jan Kubelik                     | Nellie Melba & Jan Kubelik
  2119 | 78rpm  | VrsAcoustics-88562-EmmyDestinn                          | GOUNODCHARLES        | ?                                                                      | classical | 30              | VRS Acoustics - 88562 - Emmy Destinn                                   | Emmy Destinn
  1944 | 78rpm  | VrsAcoustics-74580-FlonzaleyQuartet                     | GRAINGERPERCY        | ?                                                                      | classical | 30              | VRS Acoustics - 74580 - Flonzaley Quartet                              | Flonzaley Quartet
  1868 | 78rpm  | VrsAcoustics-88508-LuisaTetrazzini                      | GRIEGEDVARD          | ?                                                                      | classical | 30              | VRS Acoustics - 88508 - Luisa Tetrazzini                               | Luisa Tetrazzini
  1964 | 78rpm  | VrsAcoustics-74643-MischaElman                          | GRIEGEDVARD          | ?                                                                      | classical | 30              | VRS Acoustics - 74643 - Mischa Elman                                   | Mischa Elman
  7102 | 78rpm  | GriegPianoConcerto                                      | GRIEGEDVARD          | Piano Concerto                                                         | classical | 30              | Grieg: Piano Concerto                                                  | 
  1995 | 78rpm  | VrsAcoustics-74785-OlgaSamaroff                         | GRIEGEDVARD          | ?                                                                      | classical | 30              | VRS Acoustics - 74785 - Olga Samaroff                                  | Olga Samaroff
  4878 | 78rpm  | CarusoOmbraMaiFu                                        | HANDELGEORGEFRIDERIC | Ombra mai fu                                                           | classical | 30              | Caruso: Ombra mai fu                                                   | Caruso
  7195 | 78rpm  | HandelTheHarmoniousBlacksmithlandowska                  | HANDELGEORGEFRIDERIC | The Harmonious Blacksmith                                              | classical | 30              | HANDEL: The Harmonious Blacksmith                                      | 
  5908 | 78rpm  | EDIS-SRP-0195-06                                        | HANDELGEORGEFRIDERIC | Hallelujah chorus - Messiah                                            | classical | 30              | Hallelujah chorus - Messiah                                            | 
  7194 | 78rpm  | HandelTheHarmoniousBlacksmithcortot                     | HANDELGEORGEFRIDERIC | The Harmonious Blacksmith                                              | classical | 30              | HANDEL: The Harmonious Blacksmith                                      | 
  6034 | 78rpm  | EDIS-SRP-0197-09                                        | BEETHOVEN            | Moonlight sonata                                                       | classical | 30              | Moonlight sonata                                                       | 
  1937 | 78rpm  | VrsAcoustics-74560-PhiladelphiaSymphonyOrchestra        | MENDELSSOHNBARTHOLDY | ?                                                                      | classical | 30              | VRS Acoustics - 74560 - Philadelphia Symphony Orchestra                | Philadelphia Symphony Orchestra
  5976 | 78rpm  | EDIS-SRP-0154-17                                        | HANDELGEORGEFRIDERIC | Handel festival: 'Israel In Egypt' - excerpt                           | classical | 30              | Handel festival: 'Israel In Egypt' - excerpt                           | 
  1820 | 78rpm  | VrsAcoustics-71041-WilhelmBackhaus                      | HANDELGEORGEFRIDERIC | ?                                                                      | classical | 30              | VRS Acoustics - 71041 - Wilhelm Backhaus                               | Wilhelm Backhaus
  7207 | 78rpm  | Harmonious_Blacksmith                                   | HANDELGEORGEFRIDERIC | Harmonious Blacksmith                                                  | classical | 30              | Harmonious_Blacksmith                                                  | 
  1986 | 78rpm  | VrsAcoustics-74726-FlonzaleyQuartet                     | HAYDNFRANZJOSEPH     | ?                                                                      | classical | 30              | VRS Acoustics - 74726 - Flonzaley Quartet                              | Flonzaley Quartet
  7451 | 78rpm  | Haydn_Symphony_No_94_Surprise                           | HAYDNFRANZJOSEPH     | Symphony No 94 Surprise                                                | classical | 30              | Haydn_Symphony_No_94_Surprise                                          | 
  7683 | 78rpm  | HindemithMathisDerMaler                                 | HINDEMITHPAUL        | Mathis der Maler                                                       | classical | 30              | HINDEMITH: Mathis der Maler                                            | 
  1976 | 78rpm  | VrsAcoustics-74696-OlgaSamaroff                         | LISZTFRANZ           | ?                                                                      | classical | 30              | VRS Acoustics - 74696 - Olga Samaroff                                  | Olga Samaroff
  2068 | 78rpm  | VrsAcoustics-88204-LouiseHomer                          | LISZTFRANZ           | ?                                                                      | classical | 30              | VRS Acoustics - 88204 - Louise Homer                                   | Louise Homer
  1947 | 78rpm  | VrsAcoustics-74589-AlfredCortot                         | LISZTFRANZ           | ?                                                                      | classical | 30              | VRS Acoustics - 74589 - Alfred Cortot                                  | Alfred Cortot
  1966 | 78rpm  | VrsAcoustics-74647-PhiladelphiaSymphonyOrchestra        | LISZTFRANZ           | ?                                                                      | classical | 30              | VRS Acoustics - 74647 - Philadelphia Symphony Orchestra                | Philadelphia Symphony Orchestra
   306 | 78rpm  | VrsAcoustics-88568-EmmyDestinn                          | LISZTFRANZ           | ?                                                                      | classical | 30              | VRS Acoustics - 88568 - Emmy Destinn                                   | Emmy Destinn
  1997 | 78rpm  | VrsAcoustics-74794-OlgaSamaroff                         | LISZTFRANZ           | ?                                                                      | classical | 30              | VRS Acoustics - 74794 - Olga Samaroff                                  | Olga Samaroff
  1999 | 78rpm  | VrsAcoustics-7480574806-IgnaceJanPaderewski             | LISZTFRANZ           | ?                                                                      | classical | 30              | VRS Acoustics - 74805/74806 - Ignace Jan Paderewski                    | Ignace Jan Paderewski
  1799 | 78rpm  | VrsAcoustics-6450-OlgaSamaroff                          | LISZTFRANZ           | ?                                                                      | classical | 30              | VRS Acoustics - 6450 - Olga Samaroff                                   | Olga Samaroff
  2954 | 78rpm  | Addio_Alla_Madre                                        | MASCAGNIPIETRO       | Addio Alla Madre                                                       | classical | 30              | Addio_Alla_Madre                                                       | 
  1916 | 78rpm  | VrsAcoustics-74426-GiovanniMartinelli                   | MASCAGNIPIETRO       | ?                                                                      | classical | 30              | VRS Acoustics - 74426 - Giovanni Martinelli                            | Giovanni Martinelli
  9683 | 78rpm  | Musica_Proibita                                         | MASCAGNIPIETRO       | Musica Proibita                                                        | classical | 30              | Musica_Proibita                                                        | 
  1911 | 78rpm  | VrsAcoustics-74341-MischaElman                          | MASSENETJULES        | ?                                                                      | classical | 30              | VRS Acoustics - 74341 - Mischa Elman                                   | Mischa Elman
  5094 | 78rpm  | Chiudi_gli_Occhi                                        | MASSENETJULES        | Chiudi gli Occhi                                                       | classical | 30              | Chiudi_gli_Occhi                                                       | 
  2007 | 78rpm  | VrsAcoustics-85040-MaudPowell                           | MENDELSSOHNBARTHOLDY | ?                                                                      | classical | 30              | VRS Acoustics - 85040 - Maud Powell                                    | Maud Powell
   882 | 78rpm  | SpinningSong                                            | MENDELSSOHNBARTHOLDY | Spinning Song                                                          | classical | 30              | Spinning Song                                                          | 
  9490 | 78rpm  | MendelssohnViolinConcerto                               | MENDELSSOHNBARTHOLDY | Violin Concerto                                                        | classical | 30              | MENDELSSOHN: Violin Concerto                                           | 
  1983 | 78rpm  | VrsAcoustics-74721-JaschaHeifetz                        | MENDELSSOHNBARTHOLDY | ?                                                                      | classical | 30              | VRS Acoustics - 74721 - Jascha Heifetz                                 | Jascha Heifetz
  1952 | 78rpm  | VrsAcoustics-74607-MischaElman                          | MENDELSSOHNBARTHOLDY | ?                                                                      | classical | 30              | VRS Acoustics - 74607 - Mischa Elman                                   | Mischa Elman
  9489 | 78rpm  | MendelssohnSymphonyNo.4italian                          | MENDELSSOHNBARTHOLDY | Symphony No. 4                                                         | classical | 30              | MENDELSSOHN: Symphony No. 4 ('Italian')                                | 
   591 | 78rpm  | ScherzoByMendelssohn                                    | MENDELSSOHNBARTHOLDY | Scherzo by Mendelssohn                                                 | classical | 30              | Scherzo by Mendelssohn                                                 | 
  2002 | 78rpm  | VrsAcoustics-74810-AlfredCortot                         | MENDELSSOHNBARTHOLDY | ?                                                                      | classical | 30              | VRS Acoustics - 74810 - Alfred Cortot                                  | Alfred Cortot
  2744 | 78rpm  | Ah_qual_soave_vision                                    | MEYERBEERGIACOMO     | Ah, qual soave vision                                                  | classical | 30              | Ah,_qual_soave_vision                                                  | 
  4883 | 78rpm  | CarusoQuiSottoIlCiel                                    | MEYERBEERGIACOMO     | Qui sotto il ciel                                                      | classical | 30              | Caruso: Qui sotto il ciel                                              | Caruso
  9661 | 78rpm  | MozartPianoConcertoNo.20InDMinor                        | MOZARTWOLFGANGAMADEU | Piano Concerto No. 20 in D Minor                                       | classical | 30              | MOZART: Piano Concerto No. 20 in D Minor                               | 
  1943 | 78rpm  | VrsAcoustics-74579-FlonzaleyQuartet                     | MOZARTWOLFGANGAMADEU | ?                                                                      | classical | 30              | VRS Acoustics - 74579 - Flonzaley Quartet                              | Flonzaley Quartet
  9660 | 78rpm  | MozartMinuetInCMajor                                    | MOZARTWOLFGANGAMADEU | Minuet in C Major                                                      | classical | 30              | MOZART: Minuet in C Major                                              | 
   279 | 78rpm  | VrsAcoustics-74596-FlonzaleyQuartet                     | MOZARTWOLFGANGAMADEU | ?                                                                      | classical | 30              | VRS Acoustics - 74596 - Flonzaley Quartet                              | Flonzaley Quartet
  6017 | 78rpm  | EDIS-SRP-0195-05                                        | MOZARTWOLFGANGAMADEU | Gloria - The twelfth mass                                              | classical | 30              | Gloria - The twelfth mass                                              | 
  1953 | 78rpm  | VrsAcoustics-74609-PhiladelphiaSymphonyOrchestra        | MOZARTWOLFGANGAMADEU | ?                                                                      | classical | 30              | VRS Acoustics - 74609 - Philadelphia Symphony Orchestra                | Philadelphia Symphony Orchestra
  9659 | 78rpm  | MozartEineKleineNachtmusik                              | MOZARTWOLFGANGAMADEU | Eine kleine Nachtmusik                                                 | classical | 30              | MOZART: Eine kleine Nachtmusik                                         | 
  1968 | 78rpm  | VrsAcoustics-74652-FlonzaleyQuartet                     | MOZARTWOLFGANGAMADEU | ?                                                                      | classical | 30              | VRS Acoustics - 74652 - Flonzaley Quartet                              | Flonzaley Quartet
  6051 | 78rpm  | EDIS-SRP-0199-04                                        | MOZARTWOLFGANGAMADEU | Quartet in G, 1st movement- part 1                                     | classical | 30              | Quartet in G, 1st movement- part 1                                     | 
  2146 | 78rpm  | VrsAcoustics-88659-FeodorChaliapin                      | MUSSORGSKYMUSORGSKYE | ?                                                                      | classical | 30              | VRS Acoustics - 88659 - Feodor Chaliapin                               | Feodor Chaliapin
  2136 | 78rpm  | VrsAcoustics-88644-FeodorChaliapin                      | MUSSORGSKYMUSORGSKYE | ?                                                                      | classical | 30              | VRS Acoustics - 88644 - Feodor Chaliapin                               | Feodor Chaliapin
   161 | 78rpm  | VrsAcoustics-74064-AliceNielsenFlorencioConstantino     | NIELSENCARL          | ?                                                                      | classical | 30              | VRS Acoustics - 74064 - Alice Nielsen & Florencio Constantino          | Alice Nielsen & Florencio Constantino
  1836 | 78rpm  | VrsAcoustics-74107-AliceNielsen                         | NIELSENCARL          | ?                                                                      | classical | 30              | VRS Acoustics - 74107 - Alice Nielsen                                  | Alice Nielsen
   265 | 78rpm  | VrsAcoustics-74107-AliceNielsen_435                     | NIELSENCARL          | ?                                                                      | classical | 30              | VRS Acoustics - 74107 - Alice Nielsen                                  | Alice Nielsen
   263 | 78rpm  | VrsAcoustics-74076-AliceNielsenFlorencioConstantino     | NIELSENCARL          | ?                                                                      | classical | 30              | VRS Acoustics - 74076 - Alice Nielsen & Florencio Constantino          | Alice Nielsen & Florencio Constantino
   266 | 78rpm  | VrsAcoustics-74121-AliceNielsen                         | NIELSENCARL          | ?                                                                      | classical | 30              | VRS Acoustics - 74121 - Alice Nielsen                                  | Alice Nielsen
  1838 | 78rpm  | VrsAcoustics-74121-AliceNielsen_22                      | NIELSENCARL          | ?                                                                      | classical | 30              | VRS Acoustics - 74121 - Alice Nielsen                                  | Alice Nielsen
   160 | 78rpm  | VrsAcoustics-74063-AliceNielsenFlorencioConstantino     | NIELSENCARL          | ?                                                                      | classical | 30              | VRS Acoustics - 74063 - Alice Nielsen & Florencio Constantino          | Alice Nielsen & Florencio Constantino
  2189 | 78rpm  | VrsAcoustics-SistineChapelChoir-6442a                   | PALESTRINAGIOVANNIPI | ?                                                                      | classical | 30              | VRS Acoustics - Sistine Chapel Choir - 6442A                           | Sistine Chapel Choir - 6442A
  1795 | 78rpm  | VrsAcoustics-6442b-SistineChapelChoir                   | PALESTRINAGIOVANNIPI | ?                                                                      | classical | 30              | VRS Acoustics - 6442B - Sistine Chapel Choir                           | Sistine Chapel Choir
  3307 | 78rpm  | Amore_O_Grillo                                          | PUCCINIGIACOMO       | Amore O Grillo                                                         | classical | 30              | Amore_O_Grillo                                                         | 
  9855 | 78rpm  | Non_ve_lavevo_detto                                     | PUCCINIGIACOMO       | Non ve l'avevo detto                                                   | classical | 30              | Non_ve_l'avevo_detto                                                   | 
  6003 | 78rpm  | EDIS-SRP-0194-04                                        | PUCCINIGIACOMO       | Sono un poeta - La Boheme                                              | classical | 30              | Sono un poeta - La Boheme                                              | 
  2955 | 78rpm  | AddioDolceSvegliareAllaMattina                          | PUCCINIGIACOMO       | Addio Dolce Svegliare Alla Mattina                                     | classical | 30              | Addio Dolce Svegliare Alla Mattina                                     | 
  4869 | 78rpm  | CarusoELucevanLeStelle                                  | PUCCINIGIACOMO       | E lucevan le stelle                                                    | classical | 30              | Caruso: E lucevan le stelle                                            | Caruso
  9944 | 78rpm  | OMimiTuPiuNonTorni                                      | PUCCINIGIACOMO       | O Mimi Tu Piu Non Torni                                                | classical | 30              | OMimiTuPiuNonTorni                                                     | 
  1115 | 78rpm  | TheArtOfRachmaninovVol.2Side2                           | RACHMANINOVSERGEI    | The Art of Rachmaninov Vol. 2, Side 2                                  | classical | 30              | The Art of Rachmaninov Vol. 2, Side 2                                  | 
  1114 | 78rpm  | TheArtOfRachmaninovVol.2                                | RACHMANINOVSERGEI    | The Art of Rachmaninov Vol. 2, Side 1                                  | classical | 30              | The Art of Rachmaninov Vol. 2, Side 1                                  | 
 10492 | 78rpm  | RavelDaphisAndChle                                      | RAVELMAURICE         | Daphnis and Chloe                                                      | classical | 30              | RAVEL: Daphnis and Chl+¦e                                              | 
 10491 | 78rpm  | RavelConcertoForTheLeftHandAlone                        | RAVELMAURICE         | Concerto for the Left Hand Alone                                       | classical | 30              | Ravel: Concerto for the Left Hand Alone                                | 
  6031 | 78rpm  | EDIS-SRP-0197-05                                        | ROSSINIGIOACHINO     | William Tell overture - part 2                                         | classical | 30              | William Tell overture - part 2                                         | 
  1786 | 78rpm  | VrsAcoustics-6420b-JoseMardones                         | ROSSINIGIOACHINO     | ?                                                                      | classical | 30              | VRS Acoustics - 6420B - Jose Mardones                                  | Jose Mardones
   415 | 78rpm  | RossiniLaGazzaLadra-Overture                            | ROSSINIGIOACHINO     | La Gazza Ladra - Overture                                              | classical | 30              | ROSSINI: La Gazza Ladra - Overture                                     | 
  2016 | 78rpm  | VrsAcoustics-87181-LucreziaBori                         | ROSSINIGIOACHINO     | ?                                                                      | classical | 30              | VRS Acoustics - 87181 - Lucrezia Bori                                  | Lucrezia Bori
   686 | 78rpm  | VrsAcoustics-74202-FritzKreisler                        | SCHUBERTFRANZ        | ?                                                                      | classical | 30              | VRS Acoustics - 74202 - Fritz Kreisler                                 | Fritz Kreisler
   599 | 78rpm  | SchubertSerenade_441                                    | SCHUBERTFRANZ        | Serenade                                                               | classical | 30              | Schubert: Serenade                                                     | 
  1806 | 78rpm  | VrsAcoustics-6482-IgnaceJanPaderewski                   | SCHUBERTFRANZ        | ?                                                                      | classical | 30              | VRS Acoustics - 6482 - Ignace Jan Paderewski                           | Ignace Jan Paderewski
  6042 | 78rpm  | EDIS-SRP-0198-07                                        | SCHUBERTFRANZ        | Trio no. 1 in B flat, part 1-1st movement- allegro moderato, Op. 99    | classical | 30              | Trio no. 1 in B flat, part 1-1st movement- allegro moderato, Op. 99    | 
  1910 | 78rpm  | VrsAcoustics-74339-MischaElman                          | SCHUBERTFRANZ        | ?                                                                      | classical | 30              | VRS Acoustics - 74339 - Mischa Elman                                   | Mischa Elman
  2163 | 78rpm  | VrsAcoustics-89159-LouiseHomerLouiseHomerStires         | SCHUBERTFRANZ        | ?                                                                      | classical | 30              | VRS Acoustics - 89159 - Louise Homer & Louise Homer Stires             | Louise Homer & Louise Homer Stires
   600 | 78rpm  | SchubertSonataInBFlatMajorOp.Posthumous                 | SCHUBERTFRANZ        | Sonata in B flat Major, Op. Posthumous                                 | classical | 30              | Schubert: Sonata in B flat Major, Op. Posthumous                       | 
  1850 | 78rpm  | VrsAcoustics-74167-MischaElman                          | SCHUBERTFRANZ        | ?                                                                      | classical | 30              | VRS Acoustics - 74167 - Mischa Elman                                   | Mischa Elman
  5118 | 78rpm  | ChristmasChimes                                         | SCHUBERTFRANZ        | Christmas chimes                                                       | classical | 30              | Christmas chimes                                                       | 
   597 | 78rpm  | SchubertMomentsMusicaux1-6                              | SCHUBERTFRANZ        | Moments musicaux 1-6                                                   | classical | 30              | Schubert: Moments musicaux 1-6                                         | 
  2070 | 78rpm  | VrsAcoustics-88231-LouiseHomer                          | SCHUBERTFRANZ        | ?                                                                      | classical | 30              | VRS Acoustics - 88231 - Louise Homer                                   | Louise Homer
  8647 | 78rpm  | J.StraussJr.OneLivesButOnce                             | STRAUSSRICHARD       | J. Strauss, Jr.: One Lives But Once                                    | classical | 30              | J. Strauss, Jr.: One Lives But Once                                    | 
   404 | 78rpm  | RosaPonselleAsNorma                                     | SCHUBERTFRANZ        | Rosa Ponselle as Norma                                                 | classical | 30              | Rosa Ponselle as Norma                                                 | 
  2137 | 78rpm  | VrsAcoustics-88645-FeodorChaliapin                      | SCHUMANNROBERT       | ?                                                                      | classical | 30              | VRS Acoustics - 88645 - Feodor Chaliapin                               | Feodor Chaliapin
  1826 | 78rpm  | VrsAcoustics-74044-JosefHollman                         | SCHUMANNROBERT       | ?                                                                      | classical | 30              | VRS Acoustics - 74044 - Josef Hollman                                  | Josef Hollman
  1904 | 78rpm  | VrsAcoustics-74285-VladimirDePachmann                   | SCHUMANNROBERT       | ?                                                                      | classical | 30              | VRS Acoustics - 74285 - Vladimir de Pachmann                           | Vladimir de Pachmann
   601 | 78rpm  | SchumannSymphonyNo.1                                    | SCHUMANNROBERT       | Symphony No. 1                                                         | classical | 30              | SCHUMANN: Symphony No. 1                                               | 
  1824 | 78rpm  | VrsAcoustics-74038-MarcelJournet                        | SCHUMANNROBERT       | ?                                                                      | classical | 30              | VRS Acoustics - 74038 - Marcel Journet                                 | Marcel Journet
  1942 | 78rpm  | VrsAcoustics-74578-FlonzaleyQuartet                     | SCHUMANNROBERT       | ?                                                                      | classical | 30              | VRS Acoustics - 74578 - Flonzaley Quartet                              | Flonzaley Quartet
  2048 | 78rpm  | VrsAcoustics-88093-ErnestineSchumann-heink              | SCHUMANNROBERT       | ?                                                                      | classical | 30              | VRS Acoustics - 88093 - Ernestine Schumann-Heink                       | Ernestine Schumann-Heink
  2006 | 78rpm  | VrsAcoustics-85024-PolPlancon                           | SCHUMANNROBERT       | ?                                                                      | classical | 30              | VRS Acoustics - 85024 - Pol Plancon                                    | Pol Plancon
  1804 | 78rpm  | VrsAcoustics-6480a-VladimirDePachmann                   | SCHUMANNROBERT       | ?                                                                      | classical | 30              | VRS Acoustics - 6480A - Vladimir de Pachmann                           | Vladimir de Pachmann
   727 | 78rpm  | Shostakovich_symphony6                                  | SHOSTAKOVICHDMITRY   | Symphony No. 6                                                         | classical | 30              | Shostakovich _Symphony #6                                              | 
   729 | 78rpm  | ShostakovichSymphonyNo.5                                | SHOSTAKOVICHDMITRY   | Symphony No. 5                                                         | classical | 30              | SHOSTAKOVICH: Symphony No. 5                                           | 
   726 | 78rpm  | ShostakovichPrlude                                      | SHOSTAKOVICHDMITRY   | Prelude                                                                | classical | 30              | SHOSTAKOVICH: Pr+¬lude                                                 | 
   728 | 78rpm  | ShostakovichSymphonyNo.1                                | SHOSTAKOVICHDMITRY   | Symphony No. 1                                                         | classical | 30              | SHOSTAKOVICH: Symphony No. 1                                           | 
  1978 | 78rpm  | VrsAcoustics-74698-PhiladelphiaSymphonyOrchestra        | SIBELIUSJEAN         | ?                                                                      | classical | 30              | VRS Acoustics - 74698 - Philadelphia Symphony Orchestra                | Philadelphia Symphony Orchestra
  1386 | 78rpm  | TheSwanOfTuonela                                        | SIBELIUSJEAN         | The Swan of Tuonela                                                    | classical | 30              | The Swan of Tuonela                                                    | 
  1914 | 78rpm  | VrsAcoustics-74408-MaudPowell                           | SIBELIUSJEAN         | ?                                                                      | classical | 30              | VRS Acoustics - 74408 - Maud Powell                                    | Maud Powell
   741 | 78rpm  | SibeliusViolinConcerto                                  | SIBELIUSJEAN         | Violin Concerto                                                        | classical | 30              | SIBELIUS: Violin Concerto                                              | 
  8874 | 78rpm  | Lemminkainens_Journey                                   | SIBELIUSJEAN         | Lemminkainen's Journey                                                 | classical | 30              | Lemminkainen's_Journey                                                 | 
   409 | 78rpm  | RosenAusDemSuden                                        | STRAUSSRICHARD       | Rosen aus dem Suden                                                    | classical | 30              | Rosen aus dem Suden                                                    | 
  1959 | 78rpm  | VrsAcoustics-74627-PhiladelphiaSymphonyOrchestra        | STRAUSSRICHARD       | ?                                                                      | classical | 30              | VRS Acoustics - 74627 - Philadelphia Symphony Orchestra                | Philadelphia Symphony Orchestra
   932 | 78rpm  | StraussDerRosenkavalier-Waltzes                         | STRAUSSRICHARD       | Der Rosenkavalier - Waltzes                                            | classical | 30              | STRAUSS: Der Rosenkavalier - Waltzes                                   | 
   450 | 78rpm  | R.StraussTodUndVerklrung                                | STRAUSSRICHARD       | Tod und Verkl+ñrung                                                    | classical | 30              | R. STRAUSS: Tod und Verkl+ñrung                                        | 
  2116 | 78rpm  | VrsAcoustics-88540-FriedaHempel                         | STRAUSSRICHARD       | ?                                                                      | classical | 30              | VRS Acoustics - 88540 - Frieda Hempel                                  | Frieda Hempel
  4447 | 78rpm  | BlueDanubeWaltz                                         | STRAUSSRICHARD       | The Blue Danube - Waltz                                                | classical | 30              | JOHANN STRAUSS: The Blue Danube - Waltz                                | 
  1903 | 78rpm  | StraussEinHeldenleben                                   | STRAUSSRICHARD       | Ein Heldenleben (A Hero's Life), Op. 40                                | classical | 30              | STRAUSS: Ein Heldenleben (A Hero's Life), Op. 40                       | 
  8648 | 78rpm  | J.StraussKaiser-walzer                                  | STRAUSSRICHARD       | Kaiser-Walzer                                                          | classical | 30              | J. STRAUSS: Kaiser-Walzer                                              | 
   933 | 78rpm  | StraussDieFledermaus-Overture                           | STRAUSSRICHARD       | Die Fledermaus - Overture                                              | classical | 30              | STRAUSS: Die Fledermaus - Overture                                     | 
  1788 | 78rpm  | VrsAcoustics-6427b-NewYorkPhilharmonicOrchestra         | STRAUSSRICHARD       | ?                                                                      | classical | 30              | VRS Acoustics - 6427B - New York Philharmonic Orchestra                | New York Philharmonic Orchestra
   934 | 78rpm  | Strauss-SalomesDance                                    | STRAUSSRICHARD       | Salome's Dance                                                         | classical | 30              | STRAUSS - Salome's Dance                                               | 
   936 | 78rpm  | StraussTillEulenspiegelstrauss                          | STRAUSSRICHARD       | Till Eulenspiegel                                                      | classical | 30              | STRAUSS: Till Eulenspiegel                                             | 
  2028 | 78rpm  | VrsAcoustics-88019-MarcellaSembrich                     | STRAUSSRICHARD       | ?                                                                      | classical | 30              | VRS Acoustics - 88019 - Marcella Sembrich                              | Marcella Sembrich
  8593 | 78rpm  | JosefStraussMusicOfTheSpheres                           | STRAUSSRICHARD       | Music of the Spheres                                                   | classical | 30              | JOSEF STRAUSS: Music of the Spheres                                    | 
   938 | 78rpm  | StravinskyEbonyConcerto                                 | STRAVINSKYIGOR       | Ebony Concerto                                                         | classical | 30              | STRAVINSKY: Ebony Concerto                                             | 
  1810 | 78rpm  | VrsAcoustics-64926493-PhiladelphiaSymphonyOrchestra     | STRAVINSKYIGOR       | ?                                                                      | classical | 30              | VRS Acoustics - 6492/6493 - Philadelphia Symphony Orchestra            | Philadelphia Symphony Orchestra
   940 | 78rpm  | StravinskyLeSacreDuPrintemps1940                        | STRAVINSKYIGOR       | Le Sacre du Printemps (1940)                                           | classical | 30              | STRAVINSKY: Le Sacre du Printemps (1940)                               | 
   943 | 78rpm  | StravinskySymphonyOfPsalms                              | STRAVINSKYIGOR       | Symphony of Psalms                                                     | classical | 30              | STRAVINSKY: Symphony of Psalms                                         | 
  1811 | 78rpm  | VrsAcoustics-64926493-PhiladelphiaSymphonyOrchestra_240 | STRAVINSKYIGOR       | ?                                                                      | classical | 30              | VRS Acoustics - 6492/6493 - Philadelphia Symphony Orchestra            | Philadelphia Symphony Orchestra
   941 | 78rpm  | StravinskyLhistoireDuSoldat                             | STRAVINSKYIGOR       | L'Histoire du soldat                                                   | classical | 30              | STRAVINSKY: L'Histoire du soldat                                       | 
  8790 | 78rpm  | La_donna_e_mobile                                       | VERDIGIUSEPPE        | La donna e mobile                                                      | classical | 30              | La_donna_e_mobile                                                      | 
  9200 | 78rpm  | LuisaTetrazziniCaroNome88295                            | VERDIGIUSEPPE        | Luisa Tetrazzini Caro nome 88295                                       | classical | 30              | Luisa Tetrazzini Caro nome 88295                                       | 
  5977 | 78rpm  | EDIS-SRP-0155-14                                        | SULLIVANARTHUR       | After dinner toast at Little Menlo                                     | classical | 30              | After dinner toast at Little Menlo                                     | 
  6823 | 78rpm  | GilbertSullivanTrialByJury_696                          | SULLIVANARTHUR       | Gilbert & Sullivan: Trial by Jury                                      | classical | 30              | Gilbert & Sullivan: Trial by Jury                                      | 
  1260 | 78rpm  | The_Lost_Chord_1912                                     | SULLIVANARTHUR       | The Lost Chord 1912                                                    | classical | 30              | The_Lost_Chord_1912                                                    | 
  1259 | 78rpm  | The_Lost_Chord                                          | SULLIVANARTHUR       | The Lost Chord                                                         | classical | 30              | The_Lost_Chord                                                         | 
   204 | 78rpm  | GilbertSullivanTheMikado                                | SULLIVANARTHUR       | Gilbert & Sullivan: THE MIKADO                                         | classical | 30              | Gilbert & Sullivan: THE MIKADO                                         | 
  1022 | 78rpm  | TchaikovskyMarcheSlav                                   | TCHAIKOVSKYPYOTRILYI | Marche slav                                                            | classical | 30              | TCHAIKOVSKY: Marche slav                                               | 
  1021 | 78rpm  | TchaikovskyDanceOfTheFlutes                             | TCHAIKOVSKYPYOTRILYI | Dance of the Flutes                                                    | classical | 30              | Tchaikovsky: Dance of the Flutes                                       | 
  1020 | 78rpm  | Tchaikovsky1812Overture_525                             | TCHAIKOVSKYPYOTRILYI | 1812 Overture                                                          | classical | 30              | TCHAIKOVSKY: 1812 Overture                                             | 
  1787 | 78rpm  | VrsAcoustics-6427a-NewYorkPhilharmonicOrchestra         | TCHAIKOVSKYPYOTRILYI | ?                                                                      | classical | 30              | VRS Acoustics - 6427A - New York Philharmonic Orchestra                | New York Philharmonic Orchestra
  4881 | 78rpm  | CarusoPourquoi                                          | TCHAIKOVSKYPYOTRILYI | Pourquoi?                                                              | classical | 30              | Caruso: Pourquoi?                                                      | Caruso
  1981 | 78rpm  | VrsAcoustics-74713-PhiladelphiaSymphonyOrchestra        | TCHAIKOVSKYPYOTRILYI | ?                                                                      | classical | 30              | VRS Acoustics - 74713 - Philadelphia Symphony Orchestra                | Philadelphia Symphony Orchestra
  1025 | 78rpm  | TchaikovskySymphonyNo.5                                 | TCHAIKOVSKYPYOTRILYI | Symphony No. 5                                                         | classical | 30              | TCHAIKOVSKY: Symphony No. 5                                            | 
  1817 | 78rpm  | VrsAcoustics-6532b-FeodorChaliapin                      | TCHAIKOVSKYPYOTRILYI | ?                                                                      | classical | 30              | VRS Acoustics - 6532B - Feodor Chaliapin                               | Feodor Chaliapin
  2742 | 78rpm  | Ah_La_Paterna_Mano                                      | VERDIGIUSEPPE        | Ah, La Paterna Mano                                                    | classical | 30              | Ah,_La_Paterna_Mano                                                    | 
  8795 | 78rpm  | LaFatalPietra                                           | VERDIGIUSEPPE        | La Fatal Pietra                                                        | classical | 30              | La Fatal Pietra                                                        | 
  9243 | 78rpm  | Mai_Reggendo_AllAspro                                   | VERDIGIUSEPPE        | Mai Reggendo All'Aspro                                                 | classical | 30              | Mai_Reggendo_All'Aspro                                                 | 
  4870 | 78rpm  | CarusoGiaISacerdotiAdunansi                             | VERDIGIUSEPPE        | Gia i sacerdoti adunansi                                               | classical | 30              | Caruso: Gia i sacerdoti adunansi                                       | Caruso
  4908 | 78rpm  | CelesteAida1908                                         | VERDIGIUSEPPE        | Celeste Aida 1908                                                      | classical | 30              | Celeste Aida 1908                                                      | 
  1962 | 78rpm  | VrsAcoustics-74636-AlfredCortot                         | VERDIGIUSEPPE        | ?                                                                      | classical | 30              | VRS Acoustics - 74636 - Alfred Cortot                                  | Alfred Cortot
  9832 | 78rpm  | niunmitema1903                                          | VERDIGIUSEPPE        | Niun Mi Tema (Morte D'Othello)                                         | classical | 30              | Niun Mi Tema (Morte D'Othello)                                         | 
  6473 | 78rpm  | ForzaDelDestino                                         | VERDIGIUSEPPE        | Forza del Destino                                                      | classical | 30              | Forza del Destino                                                      | 
  4866 | 78rpm  | CarusoAiNostriMonti                                     | VERDIGIUSEPPE        | Ai Nostri monti                                                        | classical | 30              | Caruso: Ai Nostri monti                                                | Caruso
 10058 | 78rpm  | O_terra_addio                                           | VERDIGIUSEPPE        | O terra addio                                                          | classical | 30              | O_terra_addio                                                          | 
 11199 | 78rpm  | EDIS-WXT-02                                             | VERDIGIUSEPPE        | Ah! fors' e lui - La traviata                                          | classical | 30              | Ah! fors' e lui - La traviata                                          | 
  9783 | 78rpm  | Nellore_Arcane_Della_Sua_Lussuria                       | VERDIGIUSEPPE        | Nell'ore Arcane Della Sua Lussuria                                     | classical | 30              | Nell'ore_Arcane_Della_Sua_Lussuria                                     | 
  2746 | 78rpm  | AhSiBenMio                                              | VERDIGIUSEPPE        | Ah, si ben mio                                                         | classical | 30              | Ah, si ben mio                                                         | 
   257 | 78rpm  | VrsAcoustics-6420a-JoseMardones                         | VERDIGIUSEPPE        | ?                                                                      | classical | 30              | VRS Acoustics - 6420A - Jose Mardones                                  | Jose Mardones
  1777 | 78rpm  | Vivaldi-bachConcertoInDMajor                            | VIVALDIANTONIO       | Concerto in D Major                                                    | classical | 30              | VIVALDI-BACH: Concerto in D Major                                      | 
  3777 | 78rpm  | BeethovenSymphonyNo.3eroica                             | WAGNERRICHARD        | Symphony No. 3 (Eroica)                                                | classical | 30              | BEETHOVEN: Symphony No. 3 (Eroica)                                     | 
  6032 | 78rpm  | EDIS-SRP-0197-06                                        | WAGNERRICHARD        | Ride of the Valkyries                                                  | classical | 30              | Ride of the Valkyries - from 'Die Valkyrie'                            | 
   593 | 78rpm  | SchnbergPierrotLunaire                                  | WAGNERRICHARD        | Pierrot Lunaire                                                        | classical | 30              | SCH+ûNBERG: Pierrot Lunaire                                            | 
  2197 | 78rpm  | WagnerLohengrin-PreludeToActI                           | WAGNERRICHARD        | Lohengrin - Prelude to Act I                                           | classical | 30              | WAGNER: Lohengrin - Prelude to Act I                                   | 
  6005 | 78rpm  | EDIS-SRP-0194-07                                        | WAGNERRICHARD        | Hochstes vertrauen - Lohengrin                                         | classical | 30              | Hochstes vertrauen - Lohengrin                                         | 
  6006 | 78rpm  | EDIS-SRP-0194-08                                        | WAGNERRICHARD        | O, tannenbaum                                                          | classical | 30              | O, tannenbaum                                                          | 
  7629 | 78rpm  | HenryVshakespeare                                       | WALTONWILLIAM        | Henry V (Shakespeare)                                                  | classical | 30              | Henry V (Shakespeare)                                                  | 
  2267 | 78rpm  | WeberDerFreischtz-Overture                              | WEBERCARLMARIAVON    | Der Freischetz- Overture                                               | classical | 30              | WEBER: Der Freisch++tz- Overture                                       | 
  9662 | 78rpm  | MozartSymphonyNo.41jupiter                              | MOZARTWOLFGANGAMADEU | Symphony No. 41                                                        | classical | 30              | MOZART: Symphony No. 41 ('Jupiter')                                    | 
 10324 | 78rpm  | PeterAndTheWolf_753                                     | PROKOFIEVSERGEI      | Peter and the Wolf                                                     | classical | 30              | Peter and the Wolf                                                     | 
  2273 | 78rpm  | Weill-brecht-TheThreepennyOpera                         | WEILLKURT            | The Threepenny opera                                                   | classical | 30              | Weill-Brecht - The Threepenny opera                                    | 
  9845 | 78rpm  | NocturneInE-flat                                        | CHOPINFRYDERYK       | Nocturne in E-Flat                                                     | classical | 30              | Nocturne in E-Flat                                                     | 
  8642 | 78rpm  | J.S.BachBrandenburgConcertoNo.4                         | BACHJOHANNSEBASTIAN  | Brandenburg Concerto No. 4                                             | classical | concerto        | J. S. BACH: Brandenburg Concerto No. 4                                 | 
  3605 | 78rpm  | ArthurSullivan                                          | SULLIVANARTHUR       | Arthur Sullivan                                                        | classical | 30              | Arthur Sullivan                                                        | 
 10229 | 78rpm  | PaulWhiteman-201-210                                    | GERSHWINGEORGE       | Paul Whiteman-201-210                                                  | jazz      | 30              | Paul Whiteman-201-210                                                  | 
 10241 | 78rpm  | PaulWhiteman-31-40                                      | GERSHWINGEORGE       | Paul Whiteman-31-40                                                    | jazz      | 30              | Paul Whiteman-31-40                                                    | 
 10233 | 78rpm  | PaulWhiteman-231-240                                    | GERSHWINGEORGE       | Paul Whiteman-231-240                                                  | jazz      | 30              | Paul Whiteman-231-240                                                  | 
 10240 | 78rpm  | PaulWhiteman-311-320                                    | GERSHWINGEORGE       | Paul Whiteman-311-320                                                  | jazz      | 30              | Paul Whiteman-311-320                                                  | 
 10230 | 78rpm  | PaulWhiteman-211-220                                    | GERSHWINGEORGE       | Paul Whiteman-211-220                                                  | jazz      | 30              | Paul Whiteman-211-220                                                  | 
 10239 | 78rpm  | PaulWhiteman-301-310                                    | GERSHWINGEORGE       | Paul Whiteman-301-310                                                  | jazz      | 30              | Paul Whiteman-301-310                                                  | 
 10238 | 78rpm  | PaulWhiteman-291-300                                    | GERSHWINGEORGE       | Paul Whiteman-291-300                                                  | jazz      | 30              | Paul Whiteman-291-300                                                  | 
 10237 | 78rpm  | PaulWhiteman-281-290                                    | GERSHWINGEORGE       | Paul Whiteman-281-290                                                  | jazz      | 30              | Paul Whiteman-281-290                                                  | 
 10236 | 78rpm  | PaulWhiteman-271-280                                    | GERSHWINGEORGE       | Paul Whiteman-271-280                                                  | jazz      | 30              | Paul Whiteman-271-280                                                  | 
 10231 | 78rpm  | PaulWhiteman-21-30                                      | GERSHWINGEORGE       | Paul Whiteman-21-30                                                    | jazz      | 30              | Paul Whiteman-21-30                                                    | 
 10234 | 78rpm  | PaulWhiteman-241-250                                    | GERSHWINGEORGE       | Paul Whiteman-241-250                                                  | jazz      | 30              | Paul Whiteman-241-250                                                  | 
 10232 | 78rpm  | PaulWhiteman-221-230                                    | GERSHWINGEORGE       | Paul Whiteman-221-230                                                  | jazz      | 30              | Paul Whiteman-221-230                                                  | 
 10242 | 78rpm  | PaulWhiteman-321-330                                    | GERSHWINGEORGE       | Paul Whiteman-321-330                                                  | jazz      | 30              | Paul Whiteman-321-330                                                  | 
 10254 | 78rpm  | PaulWhiteman-430-440                                    | GERSHWINGEORGE       | Paul Whiteman-430-440                                                  | jazz      | 30              | Paul Whiteman-430-440                                                  | 
 10235 | 78rpm  | PaulWhiteman-261-270                                    | GERSHWINGEORGE       | Paul Whiteman-261-270                                                  | jazz      | 30              | Paul Whiteman-261-270                                                  | 
 10267 | 78rpm  | PaulWhiteman-540-550                                    | GERSHWINGEORGE       | Paul Whiteman-540-550                                                  | jazz      | 30              | Paul Whiteman-540-550                                                  | 
 10252 | 78rpm  | PaulWhiteman-41-50                                      | GERSHWINGEORGE       | Paul Whiteman-41-50                                                    | jazz      | 30              | Paul Whiteman-41-50                                                    | 
 10261 | 78rpm  | PaulWhiteman-500-510                                    | GERSHWINGEORGE       | Paul Whiteman-500-510                                                  | jazz      | 30              | Paul Whiteman-500-510                                                  | 
 10262 | 78rpm  | PaulWhiteman-510-520                                    | GERSHWINGEORGE       | Paul Whiteman-510-520                                                  | jazz      | 30              | Paul Whiteman-510-520                                                  | 
 10263 | 78rpm  | PaulWhiteman-520-530                                    | GERSHWINGEORGE       | Paul Whiteman-520-530                                                  | jazz      | 30              | Paul Whiteman-520-530                                                  | 
 10259 | 78rpm  | PaulWhiteman-480-490                                    | GERSHWINGEORGE       | Paul Whiteman-480-490                                                  | jazz      | 30              | Paul Whiteman-480-490                                                  | 
 10265 | 78rpm  | PaulWhiteman-530-540                                    | GERSHWINGEORGE       | Paul Whiteman-530-540                                                  | jazz      | 30              | Paul Whiteman-530-540                                                  | 
 10258 | 78rpm  | PaulWhiteman-470-480                                    | GERSHWINGEORGE       | Paul Whiteman-470-480                                                  | jazz      | 30              | Paul Whiteman-470-480                                                  | 
 10269 | 78rpm  | PaulWhiteman-550-560                                    | GERSHWINGEORGE       | Paul Whiteman-550-560                                                  | jazz      | 30              | Paul Whiteman-550-560                                                  | 
 10271 | 78rpm  | PaulWhiteman-560-570                                    | GERSHWINGEORGE       | Paul Whiteman-560-570                                                  | jazz      | 30              | Paul Whiteman-560-570                                                  | 
 10272 | 78rpm  | PaulWhiteman-61-70                                      | GERSHWINGEORGE       | Paul Whiteman-61-70                                                    | jazz      | 30              | Paul Whiteman-61-70                                                    | 
 10276 | 78rpm  | PaulWhiteman-71-80                                      | GERSHWINGEORGE       | Paul Whiteman-71-80                                                    | jazz      | 30              | Paul Whiteman-71-80                                                    | 
 10277 | 78rpm  | PaulWhiteman-81-90                                      | GERSHWINGEORGE       | Paul Whiteman-81-90                                                    | jazz      | 30              | Paul Whiteman-81-90                                                    | 
 10278 | 78rpm  | PaulWhiteman-91-100                                     | GERSHWINGEORGE       | Paul Whiteman-91-100                                                   | jazz      | 30              | Paul Whiteman-91-100                                                   | 
 10251 | 78rpm  | PaulWhiteman-410-420                                    | GERSHWINGEORGE       | Paul Whiteman-410-420                                                  | jazz      | 30              | Paul Whiteman-410-420                                                  | 
 10244 | 78rpm  | PaulWhiteman-341-350                                    | GERSHWINGEORGE       | Paul Whiteman-341-350                                                  | jazz      | 30              | Paul Whiteman-341-350                                                  | 
 10245 | 78rpm  | PaulWhiteman-351-360                                    | GERSHWINGEORGE       | Paul Whiteman-351-360                                                  | jazz      | 30              | Paul Whiteman-351-360                                                  | 
 10246 | 78rpm  | PaulWhiteman-361-370                                    | GERSHWINGEORGE       | Paul Whiteman-361-370                                                  | jazz      | 30              | Paul Whiteman-361-370                                                  | 
 10247 | 78rpm  | PaulWhiteman-371-380                                    | GERSHWINGEORGE       | Paul Whiteman-371-380                                                  | jazz      | 30              | Paul Whiteman-371-380                                                  | 
 10248 | 78rpm  | PaulWhiteman-381-390                                    | GERSHWINGEORGE       | Paul Whiteman-381-390                                                  | jazz      | 30              | Paul Whiteman-381-390                                                  | 
 10260 | 78rpm  | PaulWhiteman-490-500                                    | GERSHWINGEORGE       | Paul Whiteman-490-500                                                  | jazz      | 30              | Paul Whiteman-490-500                                                  | 
 10250 | 78rpm  | PaulWhiteman-400-410                                    | GERSHWINGEORGE       | Paul Whiteman-400-410                                                  | jazz      | 30              | Paul Whiteman-400-410                                                  | 
 10243 | 78rpm  | PaulWhiteman-331-340                                    | GERSHWINGEORGE       | Paul Whiteman-331-340                                                  | jazz      | 30              | Paul Whiteman-331-340                                                  | 
 10228 | 78rpm  | PaulWhiteman-191-200                                    | GERSHWINGEORGE       | Paul Whiteman-191-200                                                  | jazz      | 30              | Paul Whiteman-191-200                                                  | 
 10253 | 78rpm  | PaulWhiteman-420-430                                    | GERSHWINGEORGE       | Paul Whiteman-420-430                                                  | jazz      | 30              | Paul Whiteman-420-430                                                  | 
 10217 | 78rpm  | PaulWhiteman-01-10                                      | GERSHWINGEORGE       | Paul Whiteman-01-10                                                    | jazz      | 30              | Paul Whiteman-01-10                                                    | 
 10255 | 78rpm  | PaulWhiteman-440-450                                    | GERSHWINGEORGE       | Paul Whiteman-440-450                                                  | jazz      | 30              | Paul Whiteman-440-450                                                  | 
 10256 | 78rpm  | PaulWhiteman-450-460                                    | GERSHWINGEORGE       | Paul Whiteman-450-460                                                  | jazz      | 30              | Paul Whiteman-450-460                                                  | 
 10257 | 78rpm  | PaulWhiteman-460-470                                    | GERSHWINGEORGE       | Paul Whiteman-460-470                                                  | jazz      | 30              | Paul Whiteman-460-470                                                  | 
 10249 | 78rpm  | PaulWhiteman-391-400                                    | GERSHWINGEORGE       | Paul Whiteman-391-400                                                  | jazz      | 30              | Paul Whiteman-391-400                                                  | 
 10221 | 78rpm  | PaulWhiteman-121-130                                    | GERSHWINGEORGE       | Paul Whiteman-121-130                                                  | jazz      | 30              | Paul Whiteman-121-130                                                  | 
 10224 | 78rpm  | PaulWhiteman-151-160                                    | GERSHWINGEORGE       | Paul Whiteman-151-160                                                  | jazz      | 30              | Paul Whiteman-151-160                                                  | 
 10223 | 78rpm  | PaulWhiteman-141-150                                    | GERSHWINGEORGE       | Paul Whiteman-141-150                                                  | jazz      | 30              | Paul Whiteman-141-150                                                  | 
 10225 | 78rpm  | PaulWhiteman-161-170                                    | GERSHWINGEORGE       | Paul Whiteman-161-170                                                  | jazz      | 30              | Paul Whiteman-161-170                                                  | 
 10227 | 78rpm  | PaulWhiteman-181-190                                    | GERSHWINGEORGE       | Paul Whiteman-181-190                                                  | jazz      | 30              | Paul Whiteman-181-190                                                  | 
 10222 | 78rpm  | PaulWhiteman-131-140                                    | GERSHWINGEORGE       | Paul Whiteman-131-140                                                  | jazz      | 30              | Paul Whiteman-131-140                                                  | 
 10028 | 78rpm  | PaulWhiteman-570-580                                    | GERSHWINGEORGE       | Paul Whiteman-570-580                                                  | jazz      | 30              | Paul Whiteman-570-580                                                  | 
 10218 | 78rpm  | PaulWhiteman-101-110                                    | GERSHWINGEORGE       | Paul Whiteman-101-110                                                  | jazz      | 30              | Paul Whiteman-101-110                                                  | 
 10219 | 78rpm  | PaulWhiteman-111-120                                    | GERSHWINGEORGE       | Paul Whiteman-111-120                                                  | jazz      | 30              | Paul Whiteman-111-120                                                  | 
 10220 | 78rpm  | PaulWhiteman-11-20                                      | GERSHWINGEORGE       | Paul Whiteman-11-20                                                    | jazz      | 30              | Paul Whiteman-11-20                                                    | 
 10226 | 78rpm  | PaulWhiteman-171-180                                    | GERSHWINGEORGE       | Paul Whiteman-171-180                                                  | jazz      | 30              | Paul Whiteman-171-180                                                  | 
  7946 | 78rpm  | Ingemisco                                               | VERDIGIUSEPPE        | Ingemisco                                                              | classical | 30              | Ingemisco                                                              | 
